fold_id,experiment_id,feature_set,target_type,model_type,postprocess_type,train_corr,val_corr,train_mse,val_mse,train_r2,val_r2,daily_corr_mean,daily_corr_std,rolling_corr_mean,rolling_corr_std,rolling_corr_min,stability_score,train_val_corr_gap,runtime_sec,random_seed,notes
0,B0_ridge_legacy,"[""legacy""]",raw,ridge,none,0.05604719797775685,0.024194344156625174,4.2308254965748725e-05,4.677191280217073e-05,0.003141289532138325,-0.0004706698848797597,0.02381820390502985,0.02406671944675497,,,,,0.03185285382113168,23.521122932434082,42,stage0 legacy ridge baseline
0,B1_ridge_core,"[""base"", ""lag"", ""roll"", ""cross""]",raw,ridge,none,0.17434336915522397,0.05255680286775915,4.115153874834177e-05,4.73437058128708e-05,0.03039560757940951,-0.012701560224349429,0.05474382311759209,0.011404308738675949,,,,,0.12178656628746481,1.2394781112670898,42,stage0 ridge core features
0,B2_tree_core,"[""base"", ""lag"", ""roll"", ""cross""]",raw,tree,none,0.34728248707222886,0.04527595853390285,3.845905948260315e-05,4.746900788784668e-05,0.09383526990957536,-0.01538182372820307,0.04564238596666679,0.024126209912257064,,,,,0.302006528538326,22.22788119316101,42,stage0 tree core features
0,B3_tree_residual_core,"[""base"", ""lag"", ""roll"", ""cross""]",interval_residual,tree,none,0.2978328416483868,0.03185008795571115,3.9001439390704635e-05,4.8054005988153676e-05,0.08105582211123341,-0.027895176427098045,0.03217621508250475,0.026664153635673402,,,,,0.26598275369267566,25.018285036087036,42,stage0 tree residual core features
0,B4_hgb_core,"[""base"", ""lag"", ""roll"", ""cross""]",raw,histgb,none,0.42063809293523424,0.04539448733505561,3.6593338537259275e-05,4.7704670114551986e-05,0.1377950167054205,-0.020422736782489626,0.04519977618344102,0.017425610737136152,,,,,0.3752436056001786,4.0775511264801025,42,stage0 histgb core features
0,B5_hgb_residual_core,"[""base"", ""lag"", ""roll"", ""cross""]",interval_residual,histgb,none,0.37276816772307253,0.03828045629329053,3.735448953217786e-05,4.806070688329335e-05,0.11986092795890668,-0.028038511361411445,0.038456932699966084,0.015124907784628074,,,,,0.334487711429782,3.2274742126464844,42,stage0 histgb residual core features
0,B6_common_residual,"[""base"", ""lag"", ""roll"", ""cross"", ""common_aggregate""]",common_plus_residual,common_residual,none,0.3439642170016503,0.06640768476334832,3.831221184839236e-05,4.773529810562128e-05,0.09729526473548189,-0.0210778822513511,0.06669781502689658,0.0031930878318897626,,,,,0.277556532238302,27.08448076248169,42,stage0 common residual branch
0,B7_soft_regime,"[""main_tree"", ""regime_tree"", ""regime_score""]",interval_demean,tree_soft_regime,none,0.39120624272438453,0.04972961715969049,3.754794721018488e-05,4.74518656800213e-05,0.11530271652748969,-0.015015144772418276,0.0496439266473251,0.01301105599199857,,,,,0.34147662556469405,60.85056734085083,42,stage0 current soft regime ensemble
1,B0_ridge_legacy,"[""legacy""]",raw,ridge,none,0.031608880168065394,0.05397159331927325,4.842790543133416e-05,4.735417058869466e-05,0.0009991223134574456,-0.000603550884156423,0.05172606123021316,0.011033693229858924,,,,,-0.022362713151207858,18.58702564239502,42,stage0 legacy ridge baseline
1,B1_ridge_core,"[""base"", ""lag"", ""roll"", ""cross""]",raw,ridge,none,0.11986422123757123,-0.016858367931932853,4.7779858704067716e-05,4.848492729496608e-05,0.014367432248707845,-0.024496677116027987,-0.0006266309852510227,0.07884026276599237,,,,,0.13672258916950408,1.1783204078674316,42,stage0 ridge core features
1,B2_tree_core,"[""base"", ""lag"", ""roll"", ""cross""]",raw,tree,none,0.38609491878935676,-0.0006545811203408689,4.4624506460944185e-05,4.815916897215691e-05,0.07945799588582625,-0.017613335469859548,0.008682874405224209,0.07998180788708809,,,,,0.38674949990969765,22.452975273132324,42,stage0 tree core features
1,B3_tree_residual_core,"[""base"", ""lag"", ""roll"", ""cross""]",interval_residual,tree,none,0.31056057909758666,0.0007137916011636192,4.5065305846862704e-05,4.85286391514947e-05,0.07036491268319478,-0.025420317807323567,0.008561222160684126,0.08726850000000867,,,,,0.309846787496423,23.684340953826904,42,stage0 tree residual core features
1,B4_hgb_core,"[""base"", ""lag"", ""roll"", ""cross""]",raw,histgb,none,0.4819114804564101,0.0045900216819190496,4.080989148832138e-05,4.903729531911643e-05,0.1581482401106099,-0.03616832925328772,0.018594183284894587,0.08166440630293373,,,,,0.477321458774491,6.092292785644531,42,stage0 histgb core features
1,B5_hgb_residual_core,"[""base"", ""lag"", ""roll"", ""cross""]",interval_residual,histgb,none,0.40083979716151297,0.008028748885892766,4.267270217867363e-05,4.89609020063804e-05,0.11972102551087027,-0.034554122541667676,0.019699782919387045,0.08427069004348942,,,,,0.3928110482756202,6.023930072784424,42,stage0 histgb residual core features
1,B6_common_residual,"[""base"", ""lag"", ""roll"", ""cross"", ""common_aggregate""]",common_plus_residual,common_residual,none,0.4431007343657201,-0.013179244226933865,4.534417470854685e-05,4.81831007071435e-05,0.06461223279541972,-0.018119018046678148,0.005676428713211255,0.0559799992782016,,,,,0.45627997859265396,41.89798069000244,42,stage0 common residual branch
1,B7_soft_regime,"[""main_tree"", ""regime_tree"", ""regime_score""]",interval_demean,tree_soft_regime,none,0.44259958099455865,0.00030427737933308045,3.898009632647266e-05,5.6180713068491204e-05,0.19589438990569707,-0.18711024369534446,0.006924690013412355,0.02616604183972866,,,,,0.44229530361522557,93.69927525520325,42,stage0 current soft regime ensemble
2,B0_ridge_legacy,"[""legacy""]",raw,ridge,none,0.06866614357196253,0.046401115867020885,3.95924799005349e-05,3.1685540348047325e-05,0.004715040494313816,0.0012900291479127635,0.04468464239953918,0.02478809777459417,,,,,0.022265027704941646,34.029282331466675,42,stage0 legacy ridge baseline
2,B1_ridge_core,"[""base"", ""lag"", ""roll"", ""cross""]",raw,ridge,none,0.12737170582920285,0.04985563486781565,3.9134670827221986e-05,3.191088761841518e-05,0.01622355135643405,-0.005812786942599457,0.04789693191352389,0.0034978974831196483,,,,,0.0775160709613872,2.069776773452759,42,stage0 ridge core features
2,B2_tree_core,"[""base"", ""lag"", ""roll"", ""cross""]",raw,tree,none,0.3757639009514596,0.025716628372487817,3.6209631478003783e-05,3.222773494221031e-05,0.0897538701834657,-0.01579963198409451,0.02621971460824718,0.030303323526710522,,,,,0.3500472725789718,34.07131242752075,42,stage0 tree core features
2,B3_tree_residual_core,"[""base"", ""lag"", ""roll"", ""cross""]",interval_residual,tree,none,0.2788849375264057,-0.002708621039613137,3.722514893512643e-05,3.275443811998318e-05,0.0642255563792078,-0.032401012599453605,-0.0023554367283094776,0.00928709651748775,,,,,0.2815935585660188,38.2566032409668,42,stage0 tree residual core features
2,B4_hgb_core,"[""base"", ""lag"", ""roll"", ""cross""]",raw,histgb,none,0.38594848026862694,0.011845601277010776,3.572365119993266e-05,3.246747983596785e-05,0.10197055533669985,-0.023356252866253202,0.012767429197440115,0.021652481700960305,,,,,0.37410287899161615,5.061557054519653,42,stage0 histgb core features
2,B5_hgb_residual_core,"[""base"", ""lag"", ""roll"", ""cross""]",interval_residual,histgb,none,0.3461662333491853,-0.009967352397326,3.587464333189141e-05,3.317713233757798e-05,0.09817488003877006,-0.04572409073214079,-0.009558532743386946,0.017055547762613837,,,,,0.35613358574651127,4.766961097717285,42,stage0 histgb residual core features
2,B6_common_residual,"[""base"", ""lag"", ""roll"", ""cross"", ""common_aggregate""]",common_plus_residual,common_residual,none,0.4205301994670091,0.06144668537397693,3.548221680464784e-05,3.184759133927629e-05,0.1080397892654158,-0.0038177247028687855,0.058185810829060734,0.004145528060877229,,,,,0.3590835140930322,41.99318170547485,42,stage0 common residual branch
2,B7_soft_regime,"[""main_tree"", ""regime_tree"", ""regime_score""]",interval_demean,tree_soft_regime,none,0.36103311440726843,0.05593916187988887,3.4594918080590515e-05,3.440791722784439e-05,0.13034491076478694,-0.08451772115097334,0.05600755533360181,0.00947708547469098,,,,,0.3050939525273796,61.32649040222168,42,stage0 current soft regime ensemble
summary,B0_ridge_legacy,"[""legacy""]",raw,ridge,none,0.052107407239261584,0.04152235111430644,4.344288009920593e-05,4.1937207912970906e-05,0.002951817446636529,7.193612629219359e-05,0.04007630251159406,0.019962836817069354,0.04152235111430644,0.012636531725064784,0.024194344156625174,0.032676778906761086,0.010585056124955155,76.13743090629578,42,rolling summary over 3 folds
summary,B1_ridge_core,"[""base"", ""lag"", ""roll"", ""cross""]",raw,ridge,none,0.14052643207399937,0.028518023267880648,4.268868942654383e-05,4.257984024208403e-05,0.020328863728183804,-0.014337008094325624,0.03400470801528832,0.031247489662595995,0.028518023267880648,0.03210489823354959,-0.016858367931932853,0.006044594504395939,0.11200840880611869,4.48757529258728,42,rolling summary over 3 folds
summary,B2_tree_core,"[""base"", ""lag"", ""roll"", ""cross""]",raw,tree,none,0.36971376893768176,0.023446001928683263,3.976439914051704e-05,4.261863726740463e-05,0.08768237865962243,-0.016264930394052374,0.026848324993379396,0.044803780442018555,0.023446001928683263,0.01881967811570276,-0.0006545811203408689,0.010272227247691333,0.3462677670089985,78.75216889381409,42,rolling summary over 3 folds
summary,B3_tree_residual_core,"[""base"", ""lag"", ""roll"", ""cross""]",interval_residual,tree,none,0.2957594527574597,0.009951752839087209,4.043063139089792e-05,4.311236108654385e-05,0.07188209705787867,-0.02857216894462507,0.012794000171626465,0.04107325005105661,0.009951752839087209,0.015547369289388071,-0.002708621039613137,-0.0009314056634844407,0.2858076999183725,86.95922923088074,42,rolling summary over 3 folds
summary,B4_hgb_core,"[""base"", ""lag"", ""roll"", ""cross""]",raw,histgb,none,0.4294993512200904,0.020610036764661815,3.770896040850444e-05,4.306981508987875e-05,0.13263793738424343,-0.02664910630067685,0.025520462888591906,0.0402474995803434,0.020610036764661815,0.01777381222233801,0.0045900216819190496,0.008168368209025209,0.4088893144554286,15.231400966644287,42,rolling summary over 3 folds
summary,B5_hgb_residual_core,"[""base"", ""lag"", ""roll"", ""cross""]",interval_residual,histgb,none,0.3732580660779236,0.012113950927285766,3.8633945014247636e-05,4.3399580409083915e-05,0.11258561116951567,-0.036105574878406634,0.016199394291988727,0.03881704853024378,0.012113950927285766,0.01990777767022785,-0.009967352397326,-0.001821493441873729,0.3611441151506378,14.018365383148193,42,rolling summary over 3 folds
summary,B6_common_residual,"[""base"", ""lag"", ""roll"", ""cross"", ""common_aggregate""]",common_plus_residual,common_residual,none,0.4025317169447932,0.03822504197013046,3.971286778719568e-05,4.258866338401369e-05,0.0899824289321058,-0.014338208333632677,0.04352001818972285,0.02110620505698953,0.03822504197013046,0.036404700779868245,-0.013179244226933865,0.012741751424222694,0.3643066749746627,110.97564315795898,42,rolling summary over 3 folds
summary,B7_soft_regime,"[""main_tree"", ""regime_tree"", ""regime_score""]",interval_demean,tree_soft_regime,none,0.39827964604207056,0.03532435213963748,3.704098720574935e-05,4.601349865878564e-05,0.14718067239932456,-0.09554770320624535,0.03752539066477976,0.016218061102139403,0.03532435213963748,0.024892352755696116,0.00030427737933308045,0.017899705210650197,0.36295529390243314,215.87633299827576,42,rolling summary over 3 folds
